元のページ,元のページの見出し,新しいページ,主に扱う章
1,目次・地図・色と形の約束,1、3–6、8–12,はじめに
2,IT企業は、社会の仕組みを動かす土台を支える,128、580–581,第14章、第4章
3,メーカー・SIer・クラウド・通信事業者と顧客の役割,582–586、619–620,第14章
4,HPEと日本ヒューレット・パッカードの位置づけ,587–588,第14章
5,HPEが提供する分野：計算・保存・通信・管理・AI,589–590,第14章
6,SE・開発・運用・技術提案・PMは問いと成果物が違う,572–573、591,第13章、第14章
7,HPEのSEの仕事は、課題の確認から運用支援までの流れ,538–539、591–592,第13章、第14章
8,顧客の業界と、担当する技術分野は別の軸,593–595,第14章
9,金融・通信・製造で、求められやすい条件が違う,596–598,第14章
10,企業比較①：製品・基盤を持つ会社,641–643、648,第15章
11,企業比較②：SIer・大手ITの基盤系職種,641、644–645、648,第15章
12,企業比較③：通信・クラウド専門・業務システム系,641、646–648,第15章
13,働き方は、制度だけでなく顧客・人数・当番で決まる,624–627,第15章
14,給与は、基本給・手当・賞与・総年収を分けて読む,628–631、652–653,第15章
15,HPEの給与情報は、出所と条件の違う4種類がある,632–638、652–655,第15章
16,投稿年収の比較は、人数・年齢・職種とセットで見る,637–640、654–655,第15章
17,会社は、身につく経験と働き方の条件で比べる,618、649–651,第15章、第14章
18,アプリが動くには、計算・保存・通信・電力の土台が要る,105、107、115–117、128、131–132,第3章、第4章
19,ハードウェアは機械、ソフトウェアはその上で動く命令,30–32、105,第1章、第3章
20,OS・ミドルウェア・アプリは役割で分ける,106–107、109–111、117、419,第3章、第10章
21,サーバーとクライアントは、機械ではなく役割の名前,123–126、147、149、326、330,第4章、第5章、第7章
22,スマホ・PC・サーバーは部品は似ているが目的が違う,127,第4章
23,置き場所・管理する人・提供方式は別の軸で考える,133、405、440–442,第10章、第4章、第9章
24,買い物サイトを開くと、端末からDBまでが順に働く,129–130、330–331、342–344,第7章、第4章
25,サーバーの中身と、外につながる4種類の線,390–394、396–399、406–407、479,第9章、第11章
26,CPU：プログラムの命令を順に実行する汎用の計算部品,46、64–65、70、72–76,第2章
27,GPU：同じ種類の計算を大量に並べて進める部品,89–91、508,第2章、第12章
28,メモリは作業中のデータの置き場。容量と帯域は別の指標,44、49、80–81、93,第2章
29,データは保存装置→メモリ→CPU・GPUへ移動して計算される,48–49、79、92,第2章
30,SSDとHDD：仕組みが違い、得意な使い方も違う,82–83,第2章
31,M.2・SATA・PCIe・NVMeは、形・接続・規約が違う,86–88,第2章
32,マザーボードは部品をつなぐ基板。差せる部品には条件がある,39–40、100,第2章
33,NICはネットワークへ、HBAは保存装置へつなぐ,364、393–395、407,第9章、第8章
34,タワー型・ラック型・ブレード型は、置き方と管理の違い,387–389、407,第9章
35,電源の経路を二重にし、停電や故障に備える,399–401、405、407,第9章
36,計算で生まれた熱を、部品から建物の外へ運ぶ,402、404–405、407,第9章
37,性能の指標は、何を測っているかで読み分ける,29、95–97,第2章、第1章
38,全体の速さは、いちばん待たされる部品で決まる,98–99,第2章
39,LAN・WAN・インターネット・Webは範囲と役割が違う,200、205–206,第6章
40,家庭の通信機器：端末から回線の出口まで,209–216,第6章
41,家庭用Wi-Fiルーターは、複数の機能を1台にまとめている,217–218、241,第6章
42,家の中の接続と、家から外へ出る回線は別の区間,219–221,第6章
43,IP・MAC・ポートは、宛先を決める範囲が違う,224–232,第6章
44,家庭のLANで見る、IPアドレスと出口の設定,226、233–236、252,第6章
45,宛先が同じLANか外かで、渡す相手が変わる,237–240,第6章
46,DHCP：接続した端末に、IPや出口の設定を自動で配る,244–245,第6章
47,DNS：名前から接続先のIPアドレスを調べる,246–251,第6章
48,NAPT：送信元のIPとポートを書き換え、対応表で戻す,252–255,第6章
49,インターネットでは、ルーターが次の網へ順に渡す,203–204、256–257,第6章
50,TCP・UDP・QUICは届け方の約束が違う,258–260,第6章
51,TLSは相手を確かめ、通信の中身を暗号化する,261–264、469–470,第6章、第11章
52,DHCP・DNS・NTPは補助の通信。本文の通り道ではない,265–267,第6章
53,端末からAIサービスまで：準備・送信・処理・表示の全手順,268–274、338,第6章、第7章
54,サービス側は役割ごとに分かれて処理する（一般的な構成例）,330–331、334–338、344、461、473、475,第7章、第11章
55,4G/5Gは、基地局から携帯会社の網を通って外へ出る,282–287,第6章
56,地下で電波が弱くなるのは、土やコンクリートが遮るから,288–290,第6章
57,電波が強くても、混雑していると遅くなる,291–292,第6章
58,帯域・遅延・ジッター・ロスは、別の症状を表す,295–301、313,第6章
59,通常の対戦ゲームは操作を送り、クラウドゲームは映像を送る,302–303,第6章
60,ゲームは場面ごとに別の機能を使い、サーバーが判定する,304–307,第6章
61,「遅い・つながらない」は、症状から疑う場所を分ける,308–312、314,第6章
62,ファイル・ブロック・オブジェクトは、利用者から見える形が違う,348–354、383,第8章
63,NAS・SAN・DASは、装置の種類ではなくつなぎ方の違い,357–362、383,第8章
64,ファイルシステムと、保存に使う通信の規約,112–113、352、355–356、363–365,第8章、第3章
65,RAID：複数のドライブを組み合わせて速さや故障への強さを得る,366–376、383,第8章
66,RAID・冗長化・バックアップは、守れる場面が違う,367、377–381、383,第8章
67,DB・DBMS・DBサーバー・ストレージの違い,142、145–146、148–152、158–161、174、176、184,第5章
68,RDBは表と表の関係でデータを管理する,139–140、143、157、162、171–173、179、184,第5章
69,SQLで、表のデータを取り出し・追加・変更・削除する,163–170、177–178、184,第5章
70,DB製品は「方式」と「提供のしかた」で整理する,180–184,第5章
71,Webの受付・業務処理・データ管理は役割を分けて動く,323–331、344,第7章
72,Javaの実行基盤と、作ったアプリを使える状態にするデプロイ,339–341、344、432,第7章、第10章
73,1台の物理機器を、複数の論理的な環境に分けて使う,411–415,第10章
74,VMとハイパーバイザー：物理資源を仮想的な機械に割り当てる,416–418、420–422,第10章
75,VMware・ESXi・KVM・Hyper-Vを分類で整理する,423–424,第10章
76,コンテナは、OSのカーネルを共有してアプリを動かす,425、427–429、432,第10章
77,VMとコンテナは、どこから上を分けるかが違う,420、430–431,第10章
78,Kubernetes：多数のコンテナを、望ましい状態に保ち続ける,433–437,第10章
79,クラウドは「必要な分を、自分で申し込み、使った分だけ」使う方式,442–445,第10章
80,オンプレミス・プライベート・パブリック・ハイブリッド・エッジ,441、446–448,第10章
81,IaaS・PaaS・SaaSで、事業者と利用者の担当範囲が変わる,449–451,第10章
82,AWS・Azure・Google Cloudのサービスの対応,452–453,第10章
83,VMを作れることと、クラウドとして提供・管理することは違う,454–456,第10章
84,HPEの製品地図：製品名・何をするか・基礎技術を一緒に見る,599–600、617,第14章
85,ProLiant：企業向けサーバー。構成は部品の組み合わせで読む,601–602,第14章
86,iLO：業務の通信とは別の経路でサーバーを管理する,468、479、603–605、619–620、667,第14章、第11章、第16章
87,Alletraなどのストレージ：何を保存し、どうつなぎ、どう守るか,606–607,第14章
88,Aruba・Juniper：社内LAN・無線・データセンター・広域の網,608–610、617、621–622,第14章
89,GreenLake・Morpheus・VM Essentialsの役割,586、611–612、617,第14章
90,Private Cloud AI：AI基盤を組み合わせて提供,613–614、617,第14章
91,NonStop：障害を分離し、取引処理を続けるための基盤,555、615–616、618、621–622,第14章、第13章
92,AI・機械学習・深層学習・生成AI・LLMの関係,486–487、497–502,第12章
93,学習はモデルを作る工程、推論は学習済みモデルを使う工程,488、492–496,第12章
94,LLMは、次に来るトークンを1つずつ予測して文章を作る,503–507,第12章
95,モデル・パラメータ・コンテキスト・KVキャッシュの置き場所,488、490、509–511,第12章
96,AI基盤は、GPUだけでなく保存・通信・電力・冷却・運用で動く,512–514,第12章
97,複数GPUの連携：GPU内・サーバー内・サーバー間で通信が違う,515–516,第12章
98,「半導体」は広い分類。演算用・作業記憶・保存用で役割が違う,82、94、517–518,第2章、第12章
99,AI用チップは、設計・製造・装置・記憶の会社が分担してつくる,519–520,第12章
100,データセンターの電力は2030年に約945TWhと予測されている,521–522,第12章
101,米国・中国・欧州・日本の役割は、比べる軸で変わる,527–528,第12章
102,「注目モデル数」は、定義と集計範囲を確かめて読む,529,第12章
103,RAGは文書を検索して渡し、追加学習はモデルの数値を調整する,481、523–526,第12章、第11章
104,企業のAI基盤は、GPUの枚数より先に用途と運用を決める,530–532,第12章
105,要件定義：何をするか（機能）と、どの条件で動くか（非機能）,540–544,第13章
106,基本設計・詳細設計・PoC・サイジングは、答える問いが違う,545–548,第13章
107,可用性・高性能・冗長化・クラスター・フェイルオーバーの違い,549–550、552–555,第13章
108,RPOとRTO：どの時点まで戻し、どれだけで復旧するか,556–557,第13章
109,認証・認可・MFA・最小権限・暗号化・ファイアウォール・WAF,462–470、472–478、480–482、542–543,第11章、第13章
110,監視は異常を知り、ログ・メトリクス・トレースは原因を調べる,558–559、561,第13章
111,障害は段階に分けて切り分け、復旧と原因究明を分ける,562–564,第13章
112,変更は、試験・影響範囲・切戻しを決めてから行う,565–567,第13章
113,PMと責任分界：技術と、顧客・チームの調整をつなぐ,568–571、574,第13章
114,学ぶ順番：前の段階が、次の段階の前提になる,657–660,第16章
115,自分のPCで、通信の用語をコマンドで観察する,311–313、661–663、687–688,第16章、第6章
116,シェル・PowerShell・Python・SQLは、操作する対象が違う,605、661、664–669、687–688,第16章、第14章
117,設定の形式・履歴管理・自動化ツールを区別する,670–673、689–690,第16章
118,自分で管理する環境で行う7つの実習,466、472、674–675,第11章、第16章
119,資格・英語・発表・業務ツールは、使う場面と結び付ける,676–678,第16章
120,入社前から4〜6年目まで、説明できる範囲を広げる,679–680、685,第16章
121,用語：機器・部品,32、387–388、390、394–397、399–401、776,第9章、第1章、付録
122,用語：保存,350、354、357、361–364、366、368–369、372–375、379–380、776,第8章、付録
123,用語：ネットワーク,276–277、776,第6章、付録
124,用語：通信品質・無線・ゲーム,282–287、289、292、295–299、302–305、307、776,第6章、付録
125,用語：OS・プロセス・権限・ミドルウェア,106、109–111、114–115、776,第3章、付録
126,用語：DB・SQL・データ管理,142、145、148–149、152、163、174–176、179–180、182–183、776,第5章、付録
127,用語：VM・コンテナ・クラウド,413、416–417、425、427、433、442、446–447、454、456、776,第10章、付録
128,用語：AI・半導体・AI運用,501、519、525、532、776,第12章、付録
129,用語：SE・設計・運用・プロジェクト管理,547、554、557、559、564、566、571、574、776,第13章、付録
130,用語：開発・IoT・自作PC・Web・業務ツール,116、132、179、318–319、776,第7章、第3章、第4章
131,用語：発表・学会・資格・リモート就業,776,付録
132,原資料の比較対象23社の一覧（1/3）,709–717,付録
133,原資料の比較対象23社の一覧（2/3）,709–717,付録
134,原資料の比較対象23社の一覧（3/3）,709–717,付録
135,ITエンジニア投稿の年収（全24社 1/2）,693–698,付録
136,ITエンジニア投稿の年収（全24社 2/2）,693–698,付録
137,初任給の内訳：住宅手当・固定残業代・賞与を分ける,699–703,付録
138,会社公表の年収モデル（CTC）と、日系企業の賃上げ,704–705,付録
139,公開情報で確認できた年次・勤続の事実と、その限界,706–707,付録
140,原資料作成者の想定：2〜20年目の総年収レンジ（1/2）,708、718–724,付録
141,原資料作成者の想定：2〜20年目の総年収レンジ（2/2）,718–724,付録
142,原資料作成者の想定：就職難易度の位置（23社）,708、725–728,付録
143,原資料作成者の想定：6年後の転職先と内定確率（1/2）,708、729–736,付録
144,原資料作成者の想定：6年後の転職先と内定確率（2/2）,729–736,付録
145,キャリアの方向：必要な経験と、仕事の中身の違い,681–684、689–690、730、737–739,第16章、付録
146,会社・サービス・モデル・ツール・実行環境は別の層,740–741,付録
147,主なAIサービスの公開機能（順位ではない）,742–743,付録
148,モデルは、仕事の難しさ・速さ・費用・条件で選ぶ,744–745,付録
149,トークン・利用枠・クレジット・API料金は別の指標,746–747,付録
150,API料金の計算例：入力と出力を分け、通貨とクレジットを混ぜない,748–749,付録
151,AIで成果物を作る工程：仕様から確認・修正までのループ,750–751,付録
152,出典：技術説明と製品（1/2）,752–760,付録
153,出典：技術説明と製品（2/2）,752、754–760,付録
154,出典：企業・採用・給与（1/2）,761–766,付録
155,出典：企業・採用・給与・投稿集計（2/2）,761–766,付録
156,出典：統計・AIサービス（1/2）,767–771,付録
157,出典：AIサービス（2/2）,767–771,付録
158,確認できていないこと・推定の範囲・数値比較の制約,634、636、638、650、772–773,第15章、付録
159,今後の追記・更新の方法,774–775,付録
